PROV1;The Frozen North;;;;;;;;x
PROV2;The Arctic;;;;;;;;x
PROV3;Barno;;;;;;;;x
PROV4;Durmane;;;;;;;;x
PROV5;Hayq;;;;;;;;x
PROV6;Motail;;;;;;;;x
PROV7;Herdeta;;;;;;;;x
PROV8;Yeeha;;;;;;;;x
PROV9;Zebraway;;;;;;;;x
PROV10;Maneamba;;;;;;;;x
PROV11;Bridle Dar;;;;;;;;x
PROV12;Agister;;;;;;;;x
PROV13;Broncall;;;;;;;;x
PROV14;Tippoint;;;;;;;;x
PROV15;Ring Sour;;;;;;;;x
PROV16;Quirtar;;;;;;;;x
PROV17;Nagallop;;;;;;;;x
PROV18;Zebroidar;;;;;;;;x
PROV19;Zebakar;;;;;;;;x
PROV20;Herder;;;;;;;;x
PROV21;Turmule;;;;;;;;x
PROV22;Sohorse;;;;;;;;x
PROV23;Manechew;;;;;;;;x
PROV24;Latigo Gallop;;;;;;;;x
PROV25;Mareda;;;;;;;;x
PROV26;Zebroitan;;;;;;;;x
PROV27;Haltra;;;;;;;;x
PROV28;Hockoro;;;;;;;;x
PROV29;Kanoknacker;;;;;;;;x
PROV30;Tamare;;;;;;;;x
PROV31;Sunzebra;;;;;;;;x
PROV32;Barnago;;;;;;;;x
PROV33;Manecara;;;;;;;;x
PROV34;Kolto;;;;;;;;x
PROV35;Ramzarba;;;;;;;;x
PROV36;Baybaba;;;;;;;;x
PROV37;Pellagallop;;;;;;;;x
PROV38;Gaitao;;;;;;;;x
PROV39;Al Zebara;;;;;;;;x
PROV40;Timbucktu;;;;;;;;x
PROV41;Coltiala;;;;;;;;x
PROV42;Kumaresi;;;;;;;;x
PROV43;Grassased;;;;;;;;x
PROV44;Firegrass;;;;;;;;x
PROV45;Barnah;;;;;;;;x
PROV46;Nyighsighuba;;;;;;;;x
PROV47;Fillyzan;;;;;;;;x
PROV48;Nyasihatua;;;;;;;;x
PROV49;Nyighsimlima;;;;;;;;x
PROV50;Mareghreb;;;;;;;;x
PROV51;Mareya;;;;;;;;x
PROV52;Al Ferrier;;;;;;;;x
PROV53;Shyerstan;;;;;;;;x
PROV54;Cabo;;;;;;;;x
PROV55;Tobronc;;;;;;;;x
PROV56;Crimson Waste;;;;;;;;x
PROV57;Saddleban;;;;;;;;x
PROV58;Scarlet Dunes;;;;;;;;x
PROV59;Sireha;;;;;;;;x
PROV60;Damsiretta;;;;;;;;x
PROV61;Al Stable;;;;;;;;x
PROV62;Maresteganem;;;;;;;;x
PROV63;Tackna;;;;;;;;x
PROV64;Pundaanyighumbani;;;;;;;;x
PROV65;Numnah;;;;;;;;x
PROV66;Beni Stock;;;;;;;;x
PROV67;Manejaia;;;;;;;;x
PROV68;El Paced;;;;;;;;x
PROV69;Stirrupe;;;;;;;;x
PROV70;Girthaia;;;;;;;;x
PROV71;Tailbessa;;;;;;;;x
PROV72;Darkpool;;;;;;;;x
PROV73;El Barnadh;;;;;;;;x
PROV74;Zabylia;;;;;;;;x
PROV75;El Tailif;;;;;;;;x
PROV76;Maredea;;;;;;;;x
PROV77;Marshend;;;;;;;;x
PROV78;Hayside;;;;;;;;x
PROV79;Frogsgrove;;;;;;;;x
PROV80;Blackwater;;;;;;;;x
PROV81;Hydraspond;;;;;;;;x
PROV82;Haygrove;;;;;;;;x
PROV83;Frogsand;;;;;;;;x
PROV84;Greenwater;;;;;;;;x
PROV85;Markamear;;;;;;;;x
PROV86;Swamptown;;;;;;;;x
PROV87;Gators Rest;;;;;;;;x
PROV88;Hayseed;;;;;;;;x
PROV89;Fythmarsh;;;;;;;;x
PROV90;Rockmarsh;;;;;;;;x
PROV91;Applemud;;;;;;;;x
PROV92;Greenroot;;;;;;;;x
PROV93;Mangostone;;;;;;;;x
PROV94;Gators Creek;;;;;;;;x
PROV95;Great Marsh;;;;;;;;x
PROV96;Stillwater;;;;;;;;x
PROV97;Frogstone;;;;;;;;x
PROV98;Smokey Marsh;;;;;;;;x
PROV99;Moskato;;;;;;;;x
PROV100;Firespout;;;;;;;;x
PROV101;Trottpa;;;;;;;;x
PROV102;North Marsh;;;;;;;;x
PROV103;Raggrich;;;;;;;;x
PROV104;Keyside;;;;;;;;x
PROV105;North Point;;;;;;;;x
PROV106;Coltoba;;;;;;;;x
PROV107;Al-Maneia;;;;;;;;x
PROV108;Yemare;;;;;;;;x
PROV109;Wadi Pony;;;;;;;;x
PROV110;Manelaga;;;;;;;;x
PROV111;Almaria;;;;;;;;x
PROV112;Coltdiz;;;;;;;;x
PROV113;Murasaddala;;;;;;;;x
PROV114;Coltellon;;;;;;;;x
PROV115;Al-Manecha;;;;;;;;x
PROV116;Coltrava;;;;;;;;x
PROV117;Trottubah;;;;;;;;x
PROV118;Neighbela;;;;;;;;x
PROV119;Buckeres;;;;;;;;x
PROV120;Algecantras;;;;;;;;x
PROV121;Rivervale;;;;;;;;x
PROV122;Stampers Pass;;;;;;;;x
PROV123;Redcrest;;;;;;;;x
PROV124;Brokensand;;;;;;;;x
PROV125;Planesend;;;;;;;;x
PROV126;Crackedsand;;;;;;;;x
PROV127;Redsand;;;;;;;;x
PROV128;Boneplane;;;;;;;;x
PROV129;Deadhooves;;;;;;;;x
PROV130;Stamping Mesa;;;;;;;;x
PROV131;Bloodslopes;;;;;;;;x
PROV132;Firesand;;;;;;;;x
PROV133;Scarlet Slopes;;;;;;;;x
PROV134;Iron Hills;;;;;;;;x
PROV135;Deadhorse Way;;;;;;;;x
PROV136;Tazapan1;;;;;;;;x
PROV137;Tazapan2;;;;;;;;x
PROV138;Tazapan3;;;;;;;;x
PROV139;Tazapan4;;;;;;;;x
PROV140;Tazapan5;;;;;;;;x
PROV141;Tazapan6;;;;;;;;x
PROV142;Tazapan7;;;;;;;;x
PROV143;Tazapan8;;;;;;;;x
PROV144;Tazapan9;;;;;;;;x
PROV145;Tazapan10;;;;;;;;x
PROV146;Tazapan11;;;;;;;;x
PROV147;Tazapan12;;;;;;;;x
PROV148;Tazapan13;;;;;;;;x
PROV149;Tazapan14;;;;;;;;x
PROV150;Mecxicoltto;;;;;;;;x
PROV151;Tazapan16;;;;;;;;x
PROV152;Tazapan17;;;;;;;;x
PROV153;Tenocoltlan;;;;;;;;x
PROV154;Tazapan19;;;;;;;;x
PROV155;Sunora;;;;;;;;x
PROV156;Tazapan21;;;;;;;;x
PROV157;Tazapan22;;;;;;;;x
PROV158;Andes;;;;;;;;x
PROV159;Tazapan24;;;;;;;;x
PROV160;Tazapan25;;;;;;;;x
PROV161;Tazapan26;;;;;;;;x
PROV162;Tazapan27;;;;;;;;x
PROV163;Amber Ridge;;;;;;;;x
PROV164;Locustess;;;;;;;;x
PROV165;Cornwall;;;;;;;;x
PROV166;Painted Plain;;;;;;;;x
PROV167;Thundergrad;;;;;;;;x
PROV168;Piele;;;;;;;;x
PROV169;Chinacabinet;;;;;;;;x
PROV170;Lombucky;;;;;;;;x
PROV171;Golden Grass;;;;;;;;x
PROV172;Stomponine;;;;;;;;x
PROV173;Planeland;;;;;;;;x
PROV174;Greeningtrees;;;;;;;;x
PROV175;Appleloosa;;;;;;;;x
PROV176;Thundergounds;;;;;;;;x
PROV177;Greatstamp;;;;;;;;x
PROV178;Gallopgrass;;;;;;;;x
PROV179;Eastplane;;;;;;;;x
PROV180;Sandgrass;;;;;;;;x
PROV181;Buffalan;;;;;;;;x
PROV182;Las Pegasus;;;;;;;;x
PROV183;Ibex Hills;;;;;;;;x
PROV184;Applewood;;;;;;;;x
PROV185;Hooftenai;;;;;;;;x
PROV186;Hoofo;;;;;;;;x
PROV187;Applehoe;;;;;;;;x
PROV188;Sauk;;;;;;;;x
PROV189;Mashbucket;;;;;;;;x
PROV190;Saltnee;;;;;;;;x
PROV191;Stampedium;;;;;;;;x
PROV192;Manemee;;;;;;;;x
PROV193;Berry Creek;;;;;;;;x
PROV194;Kickapoo;;;;;;;;x
PROV195;Tepakanan;;;;;;;;x
PROV196;Ponica;;;;;;;;x
PROV197;Bloodhoof;;;;;;;;x
PROV198;Pinefur;;;;;;;;x
PROV199;Kalibuf;;;;;;;;x
PROV200;Grazi;;;;;;;;x
PROV201;Golden Fur;;;;;;;;x
PROV202;Wichitrot;;;;;;;;x
PROV203;Standing Rock;;;;;;;;x
PROV204;Troto;;;;;;;;x
PROV205;Sage;;;;;;;;x
PROV206;Stalwart;;;;;;;;x
PROV207;Furer;;;;;;;;x
PROV208;Rosa;;;;;;;;x
PROV209;Amberstead;;;;;;;;x
PROV210;Rabbitwood;;;;;;;;x
PROV211;Elk Valley;;;;;;;;x
PROV212;Blackhoof;;;;;;;;x
PROV213;Appleche;;;;;;;;x
PROV214;Chicacharge;;;;;;;;x
PROV215;Colton;;;;;;;;x
PROV216;Hoofi;;;;;;;;x
PROV217;Clippity;;;;;;;;x
PROV218;Shalenee;;;;;;;;x
PROV219;Furdreu;;;;;;;;x
PROV220;Marepee;;;;;;;;x
PROV221;Los Coltes;;;;;;;;x
PROV222;Oaklahoofa;;;;;;;;x
PROV223;Bisongrain;;;;;;;;x
PROV224;Manitrotba;;;;;;;;x
PROV225;Pasteur;;;;;;;;x
PROV226;Bison Pauite;;;;;;;;x
PROV227;Whoofshone;;;;;;;;x
PROV228;Assinibone;;;;;;;;x
PROV229;Atfur;;;;;;;;x
PROV230;Euthe;;;;;;;;x
PROV231;Forest's End;;;;;;;;x
PROV232;Meadowburg;;;;;;;;x
PROV233;Goldville;;;;;;;;x
PROV234;Gaiter;;;;;;;;x
PROV235;Barngundy;;;;;;;;x
PROV236;Plainsgraze;;;;;;;;x
PROV237;Appleville;;;;;;;;x
PROV238;Buck;;;;;;;;x
PROV239;Meadowlands;;;;;;;;x
PROV240;Oldgrove;;;;;;;;x
PROV241;Applestan;;;;;;;;x
PROV242;Amber;;;;;;;;x
PROV243;Scarlet Waves;;;;;;;;x
PROV244;Autumnsborough;;;;;;;;x
PROV245;Greenruff;;;;;;;;x
PROV246;Saddaley Ridge;;;;;;;;x
PROV247;Vex;;;;;;;;x
PROV248;Herden;;;;;;;;x
PROV249;Appletide;;;;;;;;x
PROV250;Dodgeland;;;;;;;;x
PROV251;Stokesand;;;;;;;;x
PROV252;Medlesburg;;;;;;;;x
PROV253;Rain;;;;;;;;x
PROV254;Grainshire;;;;;;;;x
PROV255;Nuzzleshire;;;;;;;;x
PROV256;Hepfruit;;;;;;;;x
PROV257;Hayden;;;;;;;;x
PROV258;Rurala;;;;;;;;x
PROV259;Seeden;;;;;;;;x
PROV260;Greendale;;;;;;;;x
PROV261;Greenpeak;;;;;;;;x
PROV262;Vineland;;;;;;;;x
PROV263;Trottengrain;;;;;;;;x
PROV264;Goldenbourg;;;;;;;;x
PROV265;Sap;;;;;;;;x
PROV266;Grainden;;;;;;;;x
PROV267;Leafgate;;;;;;;;x
PROV268;Grazeland;;;;;;;;x
PROV269;Canterlein;;;;;;;;x
PROV270;East Ghastly;;;;;;;;x
PROV271;West Ghasty;;;;;;;;x
PROV272;Quarray Bend;;;;;;;;x
PROV273;Windy Cave;;;;;;;;x
PROV274;Dimview;;;;;;;;x
PROV275;Froggy Bottom;;;;;;;;x
PROV276;Froggy Side;;;;;;;;x
PROV277;Frog Meddow;;;;;;;;x
PROV278;Everfree1;;;;;;;;x
PROV279;Everfree2;;;;;;;;x
PROV280;Everfree3;;;;;;;;x
PROV281;Everfree4;;;;;;;;x
PROV282;Everfree5;;;;;;;;x
PROV283;Everfree6;;;;;;;;x
PROV284;Everfree7;;;;;;;;x
PROV285;The Palace of the Two Sisters;;;;;;;;x
PROV286;Everwatch;;;;;;;;x
PROV287;Rockwood;;;;;;;;x
PROV288;Everfree8;;;;;;;;x
PROV289;Everfree9;;;;;;;;x
PROV290;Everfree10;;;;;;;;x
PROV291;Everfree11;;;;;;;;x
PROV292;Everfree12;;;;;;;;x
PROV293;Everfree13;;;;;;;;x
PROV294;Everfree14;;;;;;;;x
PROV295;Everfree15;;;;;;;;x
PROV296;Canterlot;;;;;;;;x
PROV297;Saddlegrass;;;;;;;;x
PROV298;Gemstone Hills;;;;;;;;x
PROV299;Platinum Pass;;;;;;;;x
PROV300;Saddleville;;;;;;;;x
PROV301;Ramming Rock Ridge;;;;;;;;x
PROV302;Easthay;;;;;;;;x
PROV303;Greenvale;;;;;;;;x
PROV304;Pegasus Pass;;;;;;;;x
PROV305;Gemglass;;;;;;;;x
PROV306;Mortmane;;;;;;;;x
PROV307;Roumare;;;;;;;;x
PROV308;Étalux;;;;;;;;x
PROV309;Galloping Grass;;;;;;;;x
PROV310;Reins;;;;;;;;x
PROV311;Everville;;;;;;;;x
PROV312;La Mareche;;;;;;;;x
PROV313;Eversin;;;;;;;;x
PROV314;Toumane;;;;;;;;x
PROV315;Mane;;;;;;;;x
PROV316;Angoulemane;;;;;;;;x
PROV317;Stallionge;;;;;;;;x
PROV318;Poulain;;;;;;;;x
PROV319;Coltoulouse;;;;;;;;x
PROV320;Limehill;;;;;;;;x
PROV321;Manehatten;;;;;;;;x
PROV322;Bucklyn;;;;;;;;x
PROV323;Newmane;;;;;;;;x
PROV324;Baltimare;;;;;;;;x
PROV325;Gallopton;;;;;;;;x
PROV326;Mareford;;;;;;;;x
PROV327;Coltford;;;;;;;;x
PROV328;Horse Bay;;;;;;;;x
PROV329;Maresbury;;;;;;;;x
PROV330;Horseshoe Point;;;;;;;;x
PROV331;Trottingham;;;;;;;;x
PROV332;Northmareton;;;;;;;;x
PROV333;Maneford;;;;;;;;x
PROV334;Fillydelphia;;;;;;;;x
PROV335;Manesbury;;;;;;;;x
PROV336;Coltchester;;;;;;;;x
PROV337;Saddleside;;;;;;;;x
PROV338;Hayford;;;;;;;;x
PROV339;Gallopcester;;;;;;;;x
PROV340;Reincester;;;;;;;;x
PROV341;Stallionbury;;;;;;;;x
PROV342;Hayshire;;;;;;;;x
PROV343;Linecolt;;;;;;;;x
PROV344;Crystal Pass;;;;;;;;x
PROV345;Goldslopes;;;;;;;;x
PROV346;Mount Emerald;;;;;;;;x
PROV347;Greenshire;;;;;;;;x
PROV348;Emeraldwick;;;;;;;;x
PROV349;Reinshire;;;;;;;;x
PROV350;Summer Hills;;;;;;;;x
PROV351;Appleshire;;;;;;;;x
PROV352;Lemonshire;;;;;;;;x
PROV353;Buckfast;;;;;;;;x
PROV354;Hoofington;;;;;;;;x
PROV355;Horsehamshire;;;;;;;;x
PROV356;Canterbury;;;;;;;;x
PROV357;Ramsshire;;;;;;;;x
PROV358;South Neighagra;;;;;;;;x
PROV359;Neighshire;;;;;;;;x
PROV360;Crystalshire;;;;;;;;x
PROV361;Rubyshire;;;;;;;;x
PROV362;Mustsex;;;;;;;;x
PROV363;Mustangia;;;;;;;;x
PROV364;Stallion Ridge;;;;;;;;x
PROV365;Hearth Pass;;;;;;;;x
PROV366;Airthniai;;;;;;;;x
PROV367;Altostratus;;;;;;;;x
PROV368;Altocumulus;;;;;;;;x
PROV369;Altolonika;;;;;;;;x
PROV370;Pegasopolis;;;;;;;;x
PROV371;Cloudsdale;;;;;;;;x
PROV372;Arcus;;;;;;;;x
PROV373;Manelitene;;;;;;;;x
PROV374;Coltiat;;;;;;;;x
PROV375;Cloponeia;;;;;;;;x
PROV376;Rainos;;;;;;;;x
PROV377;Nimbus Pass;;;;;;;;x
PROV378;Cirrus;;;;;;;;x
PROV379;Hurriandria;;;;;;;;x
PROV380;Nacreous;;;;;;;;x
PROV381;Maneathon;;;;;;;;x
PROV382;Cloudon;;;;;;;;x
PROV383;Maneipolis;;;;;;;;x
PROV384;West Gallop;;;;;;;;x
PROV385;East Gallop;;;;;;;;x
PROV386;Galloping Slopes;;;;;;;;x
PROV387;Airheart Mountains;;;;;;;;x
PROV388;Airbydos;;;;;;;;x
PROV389;Hurricanedretta;;;;;;;;x
PROV390;Rainisos;;;;;;;;x
PROV391;Thunderpolis;;;;;;;;x
PROV392;Skydeia;;;;;;;;x
PROV393;Crystalwing;;;;;;;;x
PROV394;Mereitene;;;;;;;;x
PROV395;Poniala;;;;;;;;x
PROV396;Cloudkonion;;;;;;;;x
PROV397;Stagland;;;;;;;;x
PROV398;Tillamare;;;;;;;;x
PROV399;Whitetail Woods;;;;;;;;x
PROV400;Wasco;;;;;;;;x
PROV401;Deerhill;;;;;;;;x
PROV402;Umaretilla;;;;;;;;x
PROV403;Stagtree;;;;;;;;x
PROV404;Maneheur;;;;;;;;x
PROV405;Clopamas;;;;;;;;x
PROV406;Barney;;;;;;;;x
PROV407;Coltnomah;;;;;;;;x
PROV408;Morrow;;;;;;;;x
PROV409;Deerhutes;;;;;;;;x
PROV410;Klamount;;;;;;;;x
PROV411;Cervidam;;;;;;;;x
PROV412;Clatclop;;;;;;;;x
PROV413;Hight Tree;;;;;;;;x
PROV414;Greenrock;;;;;;;;x
PROV415;Seaddle;;;;;;;;x
PROV416;Adeer;;;;;;;;x
PROV417;Clopam;;;;;;;;x
PROV418;Tall Tale;;;;;;;;x
PROV419;Red Wood;;;;;;;;x
PROV420;White Wood;;;;;;;;x
PROV421;Small Tale;;;;;;;;x
PROV422;Tallgrass;;;;;;;;x
PROV423;Whiterush;;;;;;;;x
PROV424;Oatfield;;;;;;;;x
PROV425;Elkton;;;;;;;;x
PROV426;Chillibuck;;;;;;;;x
PROV427;Elkerson;;;;;;;;x
PROV428;Doeside;;;;;;;;x
PROV429;Smokey Mountain;;;;;;;;x
PROV430;Stag;;;;;;;;x
PROV431;Furry;;;;;;;;x
PROV432;Skag It;;;;;;;;x
PROV433;Buckonagen;;;;;;;;x
PROV434;Vanhoover;;;;;;;;x
PROV435;Antlerford;;;;;;;;x
PROV436;Upper Vanhoover;;;;;;;;x
PROV437;Maines;;;;;;;;x
PROV438;Stagway;;;;;;;;x
PROV439;Caribou;;;;;;;;x
PROV440;Elktians;;;;;;;;x
PROV441;Deerneu;;;;;;;;x
PROV442;Buckuta;;;;;;;;x
PROV443;Elkutat;;;;;;;;x
PROV444;Hooftaney;;;;;;;;x
PROV445;Westmarester;;;;;;;;x
PROV446;Maremford;;;;;;;;x
PROV447;Vanhoover Island;;;;;;;;x
PROV448;Senbuck Island;;;;;;;;x
PROV449;Crystal City;;;;;;;;x
PROV450;Crystal Vale;;;;;;;;x
PROV451;Crystal Hills;;;;;;;;x
PROV452;East Ridge;;;;;;;;x
PROV453;Saphire Pass;;;;;;;;x
PROV454;Kunzite;;;;;;;;x
PROV455;Opalshire;;;;;;;;x
PROV456;Neighagra Falls;;;;;;;;x
PROV457;Platinum Fields;;;;;;;;x
PROV458;Upper Platinum;;;;;;;;x
PROV459;CyKd8;;;;;;;;x
PROV460;Orecum;;;;;;;;x
PROV461;CyKd10;;;;;;;;x
PROV462;Flawlessa;;;;;;;;x
PROV463;CyKd12;;;;;;;;x
PROV464;Bergundy;;;;;;;;x
PROV465;Creamsicle;;;;;;;;x
PROV466;Coatshire;;;;;;;;x
PROV467;DH1;;;;;;;;x
PROV468;DH2;;;;;;;;x
PROV469;White Light;;;;;;;;x
PROV470;DH4;;;;;;;;x
PROV471;DH5;;;;;;;;x
PROV472;DH6;;;;;;;;x
PROV473;DH7;;;;;;;;x
PROV474;DH8;;;;;;;;x
PROV475;DH9;;;;;;;;x
PROV476;Preussen;;;;;;;;x
PROV477;DH11;;;;;;;;x
PROV478;DH12;;;;;;;;x
PROV479;DH13;;;;;;;;x
PROV480;DH14;;;;;;;;x
PROV481;DH15;;;;;;;;x
PROV482;DH16;;;;;;;;x
PROV483;DH17;;;;;;;;x
PROV484;DH18;;;;;;;;x
PROV485;DH19;;;;;;;;x
PROV486;DH20;;;;;;;;x
PROV487;DH21;;;;;;;;x
PROV488;DH22;;;;;;;;x
PROV489;DH23;;;;;;;;x
PROV490;DH24;;;;;;;;x
PROV491;DH25;;;;;;;;x
PROV492;Crystal Gap;;;;;;;;x
PROV493;East Pass;;;;;;;;x
PROV494;West Pass;;;;;;;;x
PROV495;North1;;;;;;;;x
PROV496;North2;;;;;;;;x
PROV497;North3;;;;;;;;x
PROV498;Amethysia;;;;;;;;x
PROV499;North5;;;;;;;;x
PROV500;North6;;;;;;;;x
PROV501;Mane Mine;;;;;;;;x
PROV502;North8;;;;;;;;x
PROV503;North9;;;;;;;;x
PROV504;North10;;;;;;;;x
PROV505;Diamond Island;;;;;;;;x
PROV506;Norht11;;;;;;;;x
PROV507;North12;;;;;;;;x
PROV508;Norht12;;;;;;;;x
PROV509;North13;;;;;;;;x
PROV510;Norht13;;;;;;;;x
PROV511;North14;;;;;;;;x
PROV512;Norht14;;;;;;;;x
PROV513;North15;;;;;;;;x
PROV514;Norht15;;;;;;;;x
PROV515;North16;;;;;;;;x
PROV516;Norht16;;;;;;;;x
PROV517;North17;;;;;;;;x
PROV518;Norht17;;;;;;;;x
PROV519;North18;;;;;;;;x
PROV520;Norht18;;;;;;;;x
PROV521;North19;;;;;;;;x
PROV522;Norht19;;;;;;;;x
PROV523;Lazuli;;;;;;;;x
PROV524;Norht20;;;;;;;;x
PROV525;North21;;;;;;;;x
PROV526;Norht21;;;;;;;;x
PROV527;North22;;;;;;;;x
PROV528;Norht22;;;;;;;;x
PROV529;North23;;;;;;;;x
PROV530;Norht23;;;;;;;;x
PROV531;North24;;;;;;;;x
PROV532;CH1;;;;;;;;x
PROV533;CH2;;;;;;;;x
PROV534;CH3;;;;;;;;x
PROV535;CH4;;;;;;;;x
PROV536;CH5;;;;;;;;x
PROV537;CH6;;;;;;;;x
PROV538;CH7;;;;;;;;x
PROV539;CH8;;;;;;;;x
PROV540;CH9;;;;;;;;x
PROV541;CH10;;;;;;;;x
PROV542;CH11;;;;;;;;x
PROV543;CH12;;;;;;;;x
PROV544;CH13;;;;;;;;x
PROV545;CH14;;;;;;;;x
PROV546;CH15;;;;;;;;x
PROV547;CH16;;;;;;;;x
PROV548;CH17;;;;;;;;x
PROV549;CH18;;;;;;;;x
PROV550;CH19;;;;;;;;x
PROV551;The Island;;;;;;;;x
PROV552;CH21;;;;;;;;x
PROV553;CH22;;;;;;;;x
PROV554;CH23;;;;;;;;x
PROV555;CH24;;;;;;;;x
PROV556;CH25;;;;;;;;x
PROV557;CH26;;;;;;;;x
PROV558;CH27;;;;;;;;x
PROV559;CH28;;;;;;;;x
PROV560;CH29;;;;;;;;x
PROV561;CH30;;;;;;;;x
PROV562;CH31;;;;;;;;x
PROV563;Mareque;;;;;;;;x
PROV564;Amble;;;;;;;;x
PROV565;Tabalk;;;;;;;;x
PROV566;Hadib Island;;;;;;;;x
PROV567;Al Barnhah;;;;;;;;x
PROV568;Stirrupu;;;;;;;;x
PROV569;Clippa;;;;;;;;x
PROV570;Neighjaz;;;;;;;;x
PROV571;Astallion;;;;;;;;x
PROV572;Marecca;;;;;;;;x
PROV573;Al Colwf;;;;;;;;x
PROV574;Manedina;;;;;;;;x
PROV575;Al Mareza;;;;;;;;x
PROV576;Unshod;;;;;;;;x
PROV577;Foala;;;;;;;;x
PROV578;Vannerlus;;;;;;;;x
PROV579;Manejar;;;;;;;;x
PROV580;Marefar;;;;;;;;x
PROV581;Muscanter;;;;;;;;x
PROV582;Manehar;;;;;;;;x
PROV583;Rot;;;;;;;;x
PROV584;Manecate;;;;;;;;x
PROV585;Sandroll;;;;;;;;x
PROV586;Omane;;;;;;;;x
PROV587;Al Gallop;;;;;;;;x
PROV588;Damarescus;;;;;;;;x
PROV589;Al Mareaq;;;;;;;;x
PROV590;Az Starqa;;;;;;;;x
PROV591;Amane;;;;;;;;x
PROV592;Buckstra;;;;;;;;x
PROV593;Coltuz;;;;;;;;x
PROV594;Suwamare;;;;;;;;x
PROV595;Al-Stallhmane;;;;;;;;x
PROV596;Al- Buckri;;;;;;;;x
PROV597;Al Trotters;;;;;;;;x
PROV598;Baalbuck;;;;;;;;x
PROV599;Horsoms;;;;;;;;x
PROV600;Manema;;;;;;;;x
PROV601;Algalloppo;;;;;;;;x
PROV602;Neighessa;;;;;;;;x
PROV603;Aitrotabad;;;;;;;;x
PROV604;Colticia;;;;;;;;x
PROV605;Trotluch;;;;;;;;x
PROV606;Palmareyra;;;;;;;;x
PROV607;Buckdad;;;;;;;;x
PROV608;Mareir;;;;;;;;x
PROV609;Samarea;;;;;;;;x
PROV610;Kirbuck;;;;;;;;x
PROV611;Karcantala;;;;;;;;x
PROV612;Al Haybbariyah;;;;;;;;x
PROV613;Basmarea;;;;;;;;x
PROV614;Kufoala;;;;;;;;x
PROV615;Kucoltait;;;;;;;;x
PROV616;Kermareshah;;;;;;;;x
PROV617;Lunaristan;;;;;;;;x
PROV618;Qazmarein;;;;;;;;x
PROV619;Al Neighjaf;;;;;;;;x
PROV620;Al Amareah;;;;;;;;x
PROV621;Al Neighreins;;;;;;;;x
PROV622;Tigtreins;;;;;;;;x
PROV623;Maresul;;;;;;;;x
PROV624;Sineighar;;;;;;;;x
PROV625;Rumamaneah;;;;;;;;x
PROV626;Coltistan;;;;;;;;x
PROV627;Al Jazmare;;;;;;;;x
PROV628;Bineigh;;;;;;;;x
PROV629;Amainda;;;;;;;;x
PROV630;Nisibuck;;;;;;;;x
PROV631;Taruntia;;;;;;;;x
PROV632;Coltiva;;;;;;;;x
PROV633;Dashneighuz;;;;;;;;x
PROV634;Atal;;;;;;;;x
PROV635;Hearh;;;;;;;;x
PROV636;Stallionand;;;;;;;;x
PROV637;Buckh;;;;;;;;x
PROV638;Buckhara;;;;;;;;x
PROV639;Ashcoltbad;;;;;;;;x
PROV640;Kara-Colt;;;;;;;;x
PROV641;El-Mareish;;;;;;;;x
PROV642;Stallonai;;;;;;;;x
PROV643;Manelat;;;;;;;;x
PROV644;Foalrama;;;;;;;;x
PROV645;Coltena;;;;;;;;x
PROV646;Maresyut;;;;;;;;x
PROV647;Asmane;;;;;;;;x
PROV648;Coltiro;;;;;;;;x
PROV649;Alexmanedria;;;;;;;;x
PROV650;Damanetta;;;;;;;;x
PROV651;Canterlusia;;;;;;;;x
PROV652;Maneupura;;;;;;;;x
PROV653;Gabridleha;;;;;;;;x
PROV654;Buckrya;;;;;;;;x
PROV655;Skyaluzzo;;;;;;;;x
PROV656;Talononte;;;;;;;;x
PROV657;Mongerrnest;;;;;;;;x
PROV658;Aquileia;;;;;;;;x
PROV659;Kravin;;;;;;;;x
PROV660;Cubtria;;;;;;;;x
PROV661;Feathernze;;;;;;;;x
PROV662;Lucihoot;;;;;;;;x
PROV663;Folwena;;;;;;;;x
PROV664;Pridea;;;;;;;;x
PROV665;Panthmbino;;;;;;;;x
PROV666;Novellaile;;;;;;;;x
PROV667;Becenza;;;;;;;;x
PROV668;Ivena;;;;;;;;x
PROV669;Aigle;;;;;;;;x
PROV670;Wingbardy;;;;;;;;x
PROV671;Beakia;;;;;;;;x
PROV672;Talont;;;;;;;;x
PROV673;Corvemona;;;;;;;;x
PROV674;Greenback Island;;;;;;;;x
PROV675;Romua;;;;;;;;x
PROV676;Orvalillo;;;;;;;;x
PROV677;Orbeakello;;;;;;;;x
PROV678;Feathara;;;;;;;;x
PROV679;Raven;;;;;;;;x
PROV680;Meerogna;;;;;;;;x
PROV681;Verenia;;;;;;;;x
PROV682;Manetua;;;;;;;;x
PROV683;Peckua;;;;;;;;x
PROV684;Taloneia;;;;;;;;x
PROV685;Eagleia;;;;;;;;x
PROV686;Karthin;;;;;;;;x
PROV687;Griffinten;;;;;;;;x
PROV688;Westwingland;;;;;;;;x
PROV689;Griffre;;;;;;;;x
PROV690;Yerapern;;;;;;;;x
PROV691;Burdleon;;;;;;;;x
PROV692;Airtois;;;;;;;;x
PROV693;Gentalon;;;;;;;;x
PROV694;Osterwingland;;;;;;;;x
PROV695;Beakland;;;;;;;;x
PROV696;Squawk;;;;;;;;x
PROV697;Brantbeak;;;;;;;;x
PROV698;Rainaut;;;;;;;;x
PROV699;Bredaland;;;;;;;;x
PROV700;Firebeakland;;;;;;;;x
PROV701;Upper Firebeak;;;;;;;;x
PROV702;EG1;;;;;;;;x
PROV703;EG2;;;;;;;;x
PROV704;EG3;;;;;;;;x
PROV705;EG4;;;;;;;;x
PROV706;EG5;;;;;;;;x
PROV707;EG6;;;;;;;;x
PROV708;EG7;;;;;;;;x
PROV709;EG8;;;;;;;;x
PROV710;EG9;;;;;;;;x
PROV711;EG10;;;;;;;;x
PROV712;EG11;;;;;;;;x
PROV713;EG12;;;;;;;;x
PROV714;EG13;;;;;;;;x
PROV715;EG14;;;;;;;;x
PROV716;EG15;;;;;;;;x
PROV717;EG16;;;;;;;;x
PROV718;EG17;;;;;;;;x
PROV719;EG18;;;;;;;;x
PROV720;EG19;;;;;;;;x
PROV721;EG20;;;;;;;;x
PROV722;EG21;;;;;;;;x
PROV723;EG22;;;;;;;;x
PROV724;EG23;;;;;;;;x
PROV725;EG24;;;;;;;;x
PROV726;EG25;;;;;;;;x
PROV727;EG26;;;;;;;;x
PROV728;EG27;;;;;;;;x
PROV729;Lynxwingbourg;;;;;;;;x
PROV730;Airlon;;;;;;;;x
PROV731;Clawin;;;;;;;;x
PROV732;La Ridwing;;;;;;;;x
PROV733;Saarbeaken;;;;;;;;x
PROV734;Maintz;;;;;;;;x
PROV735;Flügmont;;;;;;;;x
PROV736;Krallemont;;;;;;;;x
PROV737;Squarkhim;;;;;;;;x
PROV738;Zweihawkin;;;;;;;;x
PROV739;Rauchfahne;;;;;;;;x
PROV740;Wingbar;;;;;;;;x
PROV741;Verclawed;;;;;;;;x
PROV742;Panache;;;;;;;;x
PROV743;WG1;;;;;;;;x
PROV744;WG2;;;;;;;;x
PROV745;WG3;;;;;;;;x
PROV746;WG4;;;;;;;;x
PROV747;WG5;;;;;;;;x
PROV748;WG6;;;;;;;;x
PROV749;WG7;;;;;;;;x
PROV750;WG8;;;;;;;;x
PROV751;WG9;;;;;;;;x
PROV752;WG10;;;;;;;;x
PROV753;WG11;;;;;;;;x
PROV754;WG12;;;;;;;;x
PROV755;WG13;;;;;;;;x
PROV756;WG14;;;;;;;;x
PROV757;WG15;;;;;;;;x
PROV758;WG16;;;;;;;;x
PROV759;WG17;;;;;;;;x
PROV760;WG18;;;;;;;;x
PROV761;WG19;;;;;;;;x
PROV762;WG20;;;;;;;;x
PROV763;WG21;;;;;;;;x
PROV764;WG22;;;;;;;;x
PROV765;WG23;;;;;;;;x
PROV766;WG24;;;;;;;;x
PROV767;WG25;;;;;;;;x
PROV768;WG26;;;;;;;;x
PROV769;WG27;;;;;;;;x
PROV770;WG28;;;;;;;;x
PROV771;WG29;;;;;;;;x
PROV772;WG30;;;;;;;;x
PROV773;WG31;;;;;;;;x
PROV774;WG32;;;;;;;;x
PROV775;WG33;;;;;;;;x
PROV776;SK1;;;;;;;;x
PROV777;SK2;;;;;;;;x
PROV778;SK3;;;;;;;;x
PROV779;SK4;;;;;;;;x
PROV780;SK5;;;;;;;;x
PROV781;SK6;;;;;;;;x
PROV782;SK7;;;;;;;;x
PROV783;SK8;;;;;;;;x
PROV784;SK9;;;;;;;;x
PROV785;SK10;;;;;;;;x
PROV786;SK11;;;;;;;;x
PROV787;SK12;;;;;;;;x
PROV788;SK13;;;;;;;;x
PROV789;Beakslagen;;;;;;;;x
PROV790;SK15;;;;;;;;x
PROV791;SK16;;;;;;;;x
PROV792;SK17;;;;;;;;x
PROV793;Liftauf;;;;;;;;x
PROV794;SK19;;;;;;;;x
PROV795;Kristoff;;;;;;;;x
PROV796;SK21;;;;;;;;x
PROV797;SK22;;;;;;;;x
PROV798;SK23;;;;;;;;x
PROV799;Moosenbaum;;;;;;;;x
PROV800;Deerer;;;;;;;;x
PROV801;Antlerdon;;;;;;;;x
PROV802;Tortroto;;;;;;;;x
PROV803;Coniferdon;;;;;;;;x
PROV804;Glacia;;;;;;;;x
PROV805;Seal Bay;;;;;;;;x
PROV806;Pastureland;;;;;;;;x
PROV807;Berrdon;;;;;;;;x
PROV808;Vejalyk;;;;;;;;x
PROV809;Griffin's Mouth;;;;;;;;x
PROV810;North Griffking;;;;;;;;x
PROV811;East Griffking;;;;;;;;x
PROV812;South Griffking;;;;;;;;x
PROV813;West Griffking;;;;;;;;x
PROV814;Highwing Straits;;;;;;;;x
PROV815;Lake Griffking;;;;;;;;x
PROV816;Greatwing River1;;;;;;;;x
PROV817;Greatwing River2;;;;;;;;x
PROV818;Greatwing River3;;;;;;;;x
PROV819;Greatwing River4;;;;;;;;x
PROV820;Fillyzan Straits;;;;;;;;x
PROV821;Al Zebara Bay;;;;;;;;x
PROV822;Coltegol Sea1;;;;;;;;x
PROV823;Coltegol Sea2;;;;;;;;x
PROV824;Zebrican Horn;;;;;;;;x
PROV825;Zebgola Sea;;;;;;;;x
PROV826;Coast of Telmane;;;;;;;;x
PROV827;Stripped Straits;;;;;;;;x
PROV828;Zebnyati Bay;;;;;;;;x
PROV829;Buckbuffa;;;;;;;;x
PROV830;Buffalo Sea;;;;;;;;x
PROV831;Buffalo Sea2;;;;;;;;x
PROV832;Stampeading Coast1;;;;;;;;x
PROV833;Stampeading Coast2;;;;;;;;x
PROV834;Gulf of Mecxicoltto;;;;;;;;x
PROV835;Bufazam River;;;;;;;;x
PROV836;Lake Bufcoco;;;;;;;;x
PROV837;Sea1;;;;;;;;x
PROV838;Sea2;;;;;;;;x
PROV839;Sea3;;;;;;;;x
PROV840;Sea4;;;;;;;;x
PROV841;Sea5;;;;;;;;x
PROV842;Las Pegasus Bay;;;;;;;;x
PROV843;Sea6;;;;;;;;x
PROV844;Gulf of Saddles;;;;;;;;x
PROV845;Sea7;;;;;;;;x
PROV846;Sea8;;;;;;;;x
PROV847;Sea9;;;;;;;;x
PROV848;Sea10;;;;;;;;x
PROV849;Sea11;;;;;;;;x
PROV850;Sea12;;;;;;;;x
PROV851;Vanhoover Bay;;;;;;;;x
PROV852;Marecific North West;;;;;;;;x
PROV853;Marecific North West 2;;;;;;;;x
PROV854;Strait of Vanhoover;;;;;;;;x
PROV855;Crystal Gulf;;;;;;;;x
PROV856;Forzan Coast1;;;;;;;;x
PROV857;Forzan Coast2;;;;;;;;x
PROV858;Forzan Coast3;;;;;;;;x
PROV859;Forzan Coast4;;;;;;;;x
PROV860;Ice Sea1;;;;;;;;x
PROV861;Ice Sea2;;;;;;;;x
PROV862;Ice Sea3;;;;;;;;x
PROV863;Coast of Mooseland 1;;;;;;;;x
PROV864;Coast of Mooseland 2;;;;;;;;x
PROV865;Coast of Mooseland 3;;;;;;;;x
PROV866;Coast of Mooseland 4;;;;;;;;x
PROV867;Ice Sea5;;;;;;;;x
PROV868;Ice Sea6;;;;;;;;x
PROV869;Ice Sea7;;;;;;;;x
PROV870;North Marelantic 1;;;;;;;;x
PROV871;North Marelantic 2;;;;;;;;x
PROV872;North Marelantic 3;;;;;;;;x
PROV873;Diamond Straits;;;;;;;;x
PROV874;Crystal Coast;;;;;;;;x
PROV875;Manehatten Sea;;;;;;;;x
PROV876;Maneson Straits;;;;;;;;x
PROV877;Hayford Channle;;;;;;;;x
PROV878;Hayford Coast;;;;;;;;x
PROV879;Fillydelphia Bay;;;;;;;;x
PROV880;North Hoof Sea;;;;;;;;x
PROV881;Horseshoe Estuary;;;;;;;;x
PROV882;Horseshoe Bay;;;;;;;;x
PROV883;Marelantic 1;;;;;;;;x
PROV884;Marelantic 2;;;;;;;;x
PROV885;Marelantic 3;;;;;;;;x
PROV886;Marelantic 4;;;;;;;;x
PROV887;Marelantic 5;;;;;;;;x
PROV888;Marelantic 6;;;;;;;;x
PROV889;Marelantic 7;;;;;;;;x
PROV890;Marelantic 8;;;;;;;;x
PROV891;Marelantic 9;;;;;;;;x
PROV892;Marelantic 10;;;;;;;;x
PROV893;Marelantic 11;;;;;;;;x
PROV894;Hayseed Gulf;;;;;;;;x
PROV895;Hayseed Coast1;;;;;;;;x
PROV896;Hayseed Coast2;;;;;;;;x
PROV897;Haytree Strait;;;;;;;;x
PROV898;Hayseed Approach;;;;;;;;x
PROV899;Dunfjord;;;;;;;;x
PROV900;RiverMouth1;;;;;;;;x
PROV901;Sjona;;;;;;;;x
PROV902;Featheringet;;;;;;;;x
PROV903;Griffbotn;;;;;;;;x
PROV904;Northwing Sea;;;;;;;;x
PROV905;Mouth of Greatwing;;;;;;;;x
PROV906;Bluewing Coast1;;;;;;;;x
PROV907;Bluewing Coast2;;;;;;;;x
PROV908;Bluewing Coast3;;;;;;;;x
PROV909;Redwing Bay;;;;;;;;x
PROV910;Gap of Gryphons;;;;;;;;x
PROV911;Maredriatic1;;;;;;;;x
PROV912;Maredriatic2;;;;;;;;x
PROV913;Maredriatic3;;;;;;;;x
PROV914;Gulf of Talonberis;;;;;;;;x
PROV915;Maredriatic4;;;;;;;;x
PROV916;Arabian Cost1;;;;;;;;x
PROV917;Arabian Cost2;;;;;;;;x
PROV918;Arabian Cost3;;;;;;;;x
PROV919;Arabian Cost4;;;;;;;;x
PROV920;Arabian Cost5;;;;;;;;x
PROV921;Greenhoof Gulf;;;;;;;;x
PROV922;Hadib Channel;;;;;;;;x
PROV923;Gulf of Hamaremet;;;;;;;;x
PROV924;Gulf of Sadra;;;;;;;;x
PROV925;Sand Saddle Sea;;;;;;;;x
PROV926;Gulf of Maresopotamia;;;;;;;;x
PROV927;Coast of Maregypt;;;;;;;;x
PROV928;Neighle Delta;;;;;;;;x
PROV929;Gulf of Maneupura;;;;;;;;x
PROV930;South Maregypt Sea;;;;;;;;x
PROV931;South Marediterranean Sea;;;;;;;;x
PROV932;Marediterranean Sea;;;;;;;;x
PROV933;Green Isles Approach;;;;;;;;x
PROV934;Longhorn Coast;;;;;;;;x
PROV935;Greenclaw Straits;;;;;;;;x
PROV936;South Marelantic1;;;;;;;;x
PROV937;South Marelantic2;;;;;;;;x
PROV938;South Marelantic3;;;;;;;;x
PROV939;Shadow Bay;;;;;;;;x
PROV940;Changling Coast1;;;;;;;;x
PROV941;Changling Coast2;;;;;;;;x
PROV942;Changling Coast3;;;;;;;;x
PROV943;Changling Coast4;;;;;;;;x
PROV944;Changling Coast5;;;;;;;;x
PROV945;Narrow Sea1;;;;;;;;x
PROV946;Narrow Sea2;;;;;;;;x
PROV947;Narrow Sea3;;;;;;;;x
PROV948;Zebrican Approach1;;;;;;;;x
PROV949;Zebrican Approach2;;;;;;;;x
PROV950;South Manedalus Coast;;;;;;;;x
PROV951;Manedalus Coast;;;;;;;;x
PROV952;North Manedalus Coast;;;;;;;;x
PROV953;Horn of Al-Manarin;;;;;;;;x
PROV954;Straits of Haycules;;;;;;;;x
PROV955;Gulf of Trottubah;;;;;;;;x
PROV956;Coast of Manelaga;;;;;;;;x
PROV957;Gulf of Rams;;;;;;;;x
PROV958;Cape of Manedalus;;;;;;;;x
PROV959;Zebzeben Bay;;;;;;;;x
PROV960;Zebrican Coast1;;;;;;;;x
PROV961;Zebrican Coast2;;;;;;;;x
PROV962;Zebrican Coast3;;;;;;;;x
PROV963;Zebrican Coast4;;;;;;;;x
PROV964;Zebrican Coast5;;;;;;;;x
PROV965;Amzebos Bay;;;;;;;;x
PROV966;Amzebos Coast;;;;;;;;x
PROV967;Upper Zebzeben;;;;;;;;x
PROV968;Lake Strippas;;;;;;;;x
PROV969;Zebzeben River;;;;;;;;x
PROV970;Lower Zebzeben;;;;;;;;x
PROV971;Zebzeben Mouth;;;;;;;;x
PROV972;Amzebos;;;;;;;;x
PROV973;Changinus;;;;;;;;x
PROV974;Hibrodarbis;;;;;;;;x
PROV975;Chitalinas;;;;;;;;x
PROV976;Hibrodarbis2;;;;;;;;x
PROV977;Neighle1;;;;;;;;x
PROV978;Neighle2;;;;;;;;x
PROV979;Neighle3;;;;;;;;x
PROV980;Neighle4;;;;;;;;x
PROV981;Neighle5;;;;;;;;x
PROV982;Neighle6;;;;;;;;x
PROV983;Neighle7;;;;;;;;x
PROV984;Neighle8;;;;;;;;x
PROV985;Neighle9;;;;;;;;x
PROV986;Sadalid River1;;;;;;;;x
PROV987;Sadalid River2;;;;;;;;x
PROV988;Sadalid River3;;;;;;;;x
PROV989;Marecca Sea;;;;;;;;x
PROV990;Talonberis;;;;;;;;x
PROV991;Maregian Sea1;;;;;;;;x
PROV992;Maregian Sea2;;;;;;;;x
PROV993;Redwing1;;;;;;;;x
PROV994;Redwing2;;;;;;;;x
PROV995;Redwing3;;;;;;;;x
PROV996;Redwing4;;;;;;;;x
PROV997;Grifleb1;;;;;;;;x
PROV998;Grifleb2;;;;;;;;x
PROV999;Grifleb3;;;;;;;;x
PROV1000;Grifleb4;;;;;;;;x
PROV1001;Grifleb5;;;;;;;;x
PROV1002;Grifleb6;;;;;;;;x
PROV1003;Iceka River;;;;;;;;x
PROV1004;Nor1;;;;;;;;x
PROV1005;Nor2;;;;;;;;x
PROV1006;Dimond1;;;;;;;;x
PROV1007;Dimond2;;;;;;;;x
PROV1008;Dimond3;;;;;;;;x
PROV1009;Dimond4;;;;;;;;x
PROV1010;Iceglass Lake1;;;;;;;;x
PROV1011;Iceglass Lake2;;;;;;;;x
PROV1012;Iceglass Lake3;;;;;;;;x
PROV1013;Crystal River1;;;;;;;;x
PROV1014;Crystal River2;;;;;;;;x
PROV1015;Crystal River3;;;;;;;;x
PROV1016;River Canter;;;;;;;;x
PROV1017;Saddle River1;;;;;;;;x
PROV1018;Saddle Lake;;;;;;;;x
PROV1019;Saddle River2;;;;;;;;x
PROV1020;Saddle River3;;;;;;;;x
PROV1021;Saddle River4;;;;;;;;x
PROV1022;Saddle River5;;;;;;;;x
PROV1023;Saddle River6;;;;;;;;x
PROV1024;Lake Neighagra;;;;;;;;x
PROV1025;River Equus1;;;;;;;;x
PROV1026;River Equus2;;;;;;;;x
PROV1027;River Equus3;;;;;;;;x
PROV1028;River Equus4;;;;;;;;x
PROV1029;River Equus5;;;;;;;;x
PROV1030;Everstream;;;;;;;;x
PROV1031;Hay River1;;;;;;;;x
PROV1032;Hay River2;;;;;;;;x
PROV1033;Hay River3;;;;;;;;x
PROV1034;Hay River4;;;;;;;;x
PROV1035;Zebmajani;;;;;;;;x
PROV1036;Zebnyati;;;;;;;;x
PROV1037;Featherjuvet;;;;;;;;x
PROV1038;Black Spine Lake;;;;;;;;x
PROV1039;Sea of Stripes;;;;;;;;x
PROV1040;Crystal Lake;;;;;;;;x
PROV1041;Everlake;;;;;;;;x
PROV1042;Hayseed Lake;;;;;;;;x
